{"version":1,"content":[{"key":"6Td5Tr5JhketUrpLzyR2P6yuXXyROJ6W","path":"KesselMineWorker.png"},{"key":"bcgRbKltSqQyn1JdpX2ERVso2y5r4qBr","path":"Rebolt.png"},{"path":"texts/en_GB.lang"},{"path":"texts/pt_BR.lang"},{"key":"q0uOJ71X1mXd8o2X9K6ZNu8jR3AcOyNy","path":"ImperialPatrolTrooper.png"},{"key":"EBM73TmsIcgVvURCOnPj9hJFp8jm5P6Q","path":"RangeTrooper.png"},{"path":"texts/el_GR.lang"},{"path":"texts/pl_PL.lang"},{"key":"byskLpJ5ehgHM3TN15833YjWnn1ThCyI","path":"HanSolo.png"},{"key":"r5xKTdhr2wGbMzWZLqT8M0xRpwbB95hy","path":"Ralakili.png"},{"path":"texts/de_DE.lang"},{"path":"texts/nl_NL.lang"},{"key":"MQLfHr86e9omB6XHVdj78vz3IMpdNK4G","path":"HanSolo(Corellia).png"},{"key":"xARKyp1QFm9ziUP0UFUVp1RK1r3wMEKH","path":"QuayTolsite.png"},{"path":"texts/da_DK.lang"},{"path":"texts/nb_NO.lang"},{"key":"coPKf4orr3Tq3nP5O9F3pPUju6NqKhCe","path":"HanSolo(ConveyexHeist).png"},{"key":"6PT6Lh2HHezJsSsdaFmfh8184MO3WXgn","path":"Qi\u0027Ra(CrimsonDawn).png"},{"path":"texts/cs_CZ.lang"},{"path":"texts/languages.json"},{"key":"LKWYUN2FQsVit9EHxfI5UKFNp6mcRsH2","path":"Gm12-L1.png"},{"key":"hrYPcPnNFaq5S1h0ulvCSxfeKKCsPRFA","path":"Qi\u0027Ra(Corellia).png"},{"path":"texts/bg_BG.lang"},{"path":"texts/ko_KR.lang"},{"key":"5fyEUNov3ON9scvrvBBOkejlYXce6N09","path":"geometry.json"},{"key":"5HC6fvJU2QnK8AktLnOlqUmxI1n08Aho","path":"PykeSentinel.png"},{"key":"gRzPK6yz4fmsSljOxwLwMWS7SnygECWi","path":"Val.png"},{"path":"texts/ja_JP.lang"},{"key":"NRy3NyYHjK619aFHJz2hv88kmsUMjoT1","path":"EnfysNest.png"},{"key":"twhHHRs0MHVVPe5STTbAPYfn9LRtlTja","path":"Mudtrooper.png"},{"key":"2LML6si09IVGjpPBwpm11e8lFSqw90SQ","path":"TobiasBeckett.png"},{"path":"texts/it_IT.lang"},{"key":"RW6164wss6IIGNVXiM5txZ491nJuOKTy","path":"EmigrationOfficer.png"},{"key":"3XmxfpmQr9OXUiJQiPP1mQJ9qMFez63f","path":"Moloch.png"},{"key":"zl5sBmSxJvzNJlKTzVMOxl5w7ztaB47B","path":"skins.json"},{"path":"texts/id_ID.lang"},{"path":"texts/zh_TW.lang"},{"key":"9Nd2qGlIqp5GaGbnzhVtSpq94PtSAOQf","path":"DrydenVos.png"},{"key":"pk0YaHFYhxUznCuyXNnihtrBEiPOV3Jb","path":"MimbanStormtrooper.png"},{"key":"bvFJQeY1czFfvdnfabZS0uwJtyOS3rKM","path":"SixEyes.png"},{"path":"texts/hu_HU.lang"},{"path":"texts/zh_CN.lang"},{"key":"2AkU7UNizidMXT6U27GWTjAMC3SvLMOZ","path":"Cloud-Rider.png"},{"key":"1wtOKL8ySNyKI1raGXp58sALW1OlE0Qf","path":"MimbaneseSoldier.png"},{"key":"pSBcpkFTYRBSjmwvpZTgaCy932WfjWVM","path":"signatures.json"},{"path":"texts/fr_FR.lang"},{"path":"texts/uk_UA.lang"},{"key":"TheB3pnVqmjanOtbtVpvB1puiLpoAgik","path":"Cloud-Rider(Alien).png"},{"key":"ExNpvuf7bmb6KoGwHeQwpWPt0GoLZL72","path":"MelbuTraveler.png"},{"key":"jIygu4zL3YQ2RIclQxTl0I2dzf0a8Brv","path":"Scrumrat(Chates).png"},{"path":"texts/fr_CA.lang"},{"path":"texts/tr_TR.lang"},{"key":"33iCQT6nhH9eiGYEcQUlNJ1cG7U9va2k","path":"Chewbacca.png"},{"path":"manifest.json"},{"key":"WlfC9B39izSx2pxwZRejwiX6Y0B0aiA7","path":"Scrumrat(Bansee).png"},{"path":"texts/fi_FI.lang"},{"path":"texts/sv_SE.lang"},{"key":"HfbUzUqqIaFLtMJBpePNZlMZ3HyBfqV9","path":"AurodiaVentafoli.png"},{"key":"Oq32uBfghc1HIweob6zwZuuXJBa77YmM","path":"LandoCalrissian.png"},{"key":"kgmREs1xPQ75bk8zYBXPYY4bu9voiTSl","path":"Sagwa(WookieeSlave).png"},{"path":"texts/es_MX.lang"},{"path":"texts/sk_SK.lang"},{"key":"2HYnL2ZZfSTSvXp9lFt3aMUKxVxHQSFw","path":"AemonGremm.png"},{"key":"Nuk30MkvyAMTxafhX9H4IsJSqO7j7RTM","path":"L3-37.png"},{"key":"8B2YfhnMr8GulGxbBMvWjJyk0aqkzcF8","path":"S1D6-Sa-5.png"},{"path":"texts/es_ES.lang"},{"path":"texts/ru_RU.lang"},{"path":"texts/"},{"key":"7lUGNbdfxKV8XBZyzFw0Ol0eSJHUQAgu","path":"KrysguldDartis.png"},{"key":"kAKy33PcBI3u6KFQAe4Hl5Py9G1hiJoL","path":"RioDurant.png"},{"path":"texts/en_US.lang"},{"path":"texts/pt_PT.lang"}]}